0	FriendshipisMagicpart1	Friendship is Magic, part 1
1	FriendshipisMagicpart2	Friendship is Magic, part 2
2	TheTicketMaster	The Ticket Master
3	ApplebuckSeason	Applebuck Season
4	GriffontheBrushOff	Griffon the Brush Off
5	BoastBusters	Boast Busters
6	Dragonshy	Dragonshy
7	LookBeforeYouSleep	Look Before You Sleep
8	BridleGossip	Bridle Gossip
9	SwarmoftheCentury	Swarm of the Century
10	WinterWrapUp	Winter Wrap Up
11	CalloftheCutie	Call of the Cutie
12	FallWeatherFriends	Fall Weather Friends
13	SuitedForSuccess	Suited For Success
14	FeelingPinkieKeen	Feeling Pinkie Keen
15	SonicRainboom	Sonic Rainboom
16	StareMaster	Stare Master
17	TheShowStoppers	The Show Stoppers
18	ADogandPonyShow	A Dog and Pony Show
19	GreenIsntYourColor	Green Isn't Your Color
20	OveraBarrel	Over a Barrel
21	ABirdintheHoof	A Bird in the Hoof
22	TheCutieMarkChronicles	The Cutie Mark Chronicles
23	OwlsWellThatEndsWell	Owl's Well That Ends Well
24	PartyofOne	Party of One
25	TheBestNightEver	The Best Night Ever
26	TheReturnofHarmonyPart1	The Return of Harmony Part 1
27	TheReturnofHarmonyPart2	The Return of Harmony Part 2
28	LessonZero	Lesson Zero
29	LunaEclipsed	Luna Eclipsed
30	SisterhoovesSocial	Sisterhooves Social
31	TheCutiePox	The Cutie Pox
32	MaytheBestPetWin	May the Best Pet Win!
33	TheMysteriousMareDoWell	The Mysterious Mare Do Well
34	SweetandElite	Sweet and Elite
35	SecretofMyExcess	Secret of My Excess
36	HearthsWarmingEve	Hearth's Warming Eve
37	FamilyAppreciationDay	Family Appreciation Day
38	BabyCakes	Baby Cakes
39	TheLastRoundup	The Last Roundup
40	TheSuperSpeedyCiderSqueezy6000	The Super Speedy Cider Squeezy 6000
41	ReadItandWeep	Read It and Weep
42	HeartsandHoovesDay	Hearts and Hooves Day
43	AFriendinDeed	A Friend in Deed
44	PuttingYourHoofDown	Putting Your Hoof Down
45	ItsAboutTime	It's About Time
46	DragonQuest	Dragon Quest
47	HurricaneFluttershy	Hurricane Fluttershy
48	PonyvilleConfidential	Ponyville Confidential
49	MMMysteryontheFriendshipExpress	MMMystery on the Friendship Express
50	ACanterlotWeddingPart1	A Canterlot Wedding - Part 1
51	ACanterlotWeddingPart2	A Canterlot Wedding - Part 2
52	TheCrystalEmpirePart1	The Crystal Empire - Part 1
53	TheCrystalEmpirePart2	The Crystal Empire - Part 2
54	TooManyPinkiePies	Too Many Pinkie Pies
55	OneBadApple	One Bad Apple
56	MagicDuel	Magic Duel
57	SleeplessinPonyville	Sleepless in Ponyville
58	WonderboltsAcademy	Wonderbolts Academy
59	AppleFamilyReunion	Apple Family Reunion
60	SpikeatYourService	Spike at Your Service
61	KeepCalmandFlutterOn	Keep Calm and Flutter On
62	JustforSidekicks	Just for Sidekicks
63	GamesPoniesPlay	Games Ponies Play
64	MagicalMysteryCure	Magical Mystery Cure
65	PrincessTwilightSparklePart1	Princess Twilight Sparkle - Part 1
66	PrincessTwilightSparklePart2	Princess Twilight Sparkle - Part 2
67	CastleManeia	Castle Mane-ia
68	DaringDont	Daring Don't
69	FlighttotheFinish	Flight to the Finish
70	PowerPonies	Power Ponies
71	Bats	Bats!
72	RarityTakesManehattan	Rarity Takes Manehattan
73	PinkieApplePie	Pinkie Apple Pie
74	RainbowFalls	Rainbow Falls
75	ThreesACrowd	Three's A Crowd
76	PinkiePride	Pinkie Pride
77	SimpleWays	Simple Ways
78	FilliVanilli	Filli Vanilli
79	TwilightTime	Twilight Time
80	ItAintEasyBeingBreezies	It Ain't Easy Being Breezies
81	SomeponytoWatchOverMe	Somepony to Watch Over Me
82	MaudPieepisode	Maud Pie
83	ForWhomtheSweetieBelleToils	For Whom the Sweetie Belle Toils
84	LeapofFaith	Leap of Faith
85	TestingTesting123	Testing Testing 1, 2, 3
86	TradeYa	Trade Ya!
87	InspirationManifestation	Inspiration Manifestation
88	EquestriaGames	Equestria Games
89	TwilightsKingdomPart1	Twilight's Kingdom - Part 1
90	TwilightsKingdomPart2	Twilight's Kingdom - Part 2
91	TheCutieMapPart1	The Cutie Map - Part 1
92	TheCutieMapPart2	The Cutie Map - Part 2
93	CastleSweetCastle	Castle Sweet Castle
94	BloomGloom	Bloom & Gloom
95	TanksfortheMemories	Tanks for the Memories
96	AppleoosasMostWanted	Appleoosa's Most Wanted
97	MakeNewFriendsbutKeepDiscord	Make New Friends but Keep Discord
98	TheLostTreasureofGriffonstone	The Lost Treasure of Griffonstone
99	SliceofLife	Slice of Life
100	PrincessSpike	Princess Spike
101	PartyPooped	Party Pooped
102	AmendingFences	Amending Fences
103	DoPrincessesDreamofMagicSheep	Do Princesses Dream of Magic Sheep
104	CanterlotBoutique	Canterlot Boutique
105	RarityInvestigates	Rarity Investigates!
106	MadeinManehattan	Made in Manehattan
107	BrotherhoovesSocial	Brotherhooves Social
108	CrusadersoftheLostMark	Crusaders of the Lost Mark
109	TheOneWherePinkiePieKnows	The One Where Pinkie Pie Knows
110	Hearthbreakers	Hearthbreakers
111	ScareMaster	Scare Master
112	WhatAboutDiscord	What About Discord
113	TheHooffieldsandMcColts	The Hooffields and McColts
114	TheManeAttraction	The Mane Attraction
115	TheCutieReMarkPart1	The Cutie Re-Mark - Part 1
116	TheCutieReMarkPart2	The Cutie Re-Mark - Part 2
117	TheCrystallingPart1	The Crystalling - Part 1
118	TheCrystallingPart2	The Crystalling - Part 2
119	TheGiftoftheMaudPie	The Gift of the Maud Pie
120	OnYourMarks	On Your Marks
121	GauntletofFire	Gauntlet of Fire
122	NoSecondPrances	No Second Prances
123	NewbieDash	Newbie Dash
124	AHearthsWarmingTail	A Hearth's Warming Tail
125	TheSaddleRowReview	The Saddle Row Review
126	ApplejacksDayOff	Applejack's Day Off
127	FlutterBrutter	Flutter Brutter
128	SpiceUpYourLife	Spice Up Your Life
129	StrangerThanFanFiction	Stranger Than Fan Fiction
130	TheCartBeforethePonies	The Cart Before the Ponies
131	28PranksLater	28 Pranks Later
132	TheTimesTheyAreAChangeling	The Times They Are A Changeling
133	DungeonsDiscords	Dungeons & Discords
134	BuckballSeason	Buckball Season
135	TheFaultinOurCutieMarks	The Fault in Our Cutie Marks
136	VivaLasPegasus	Viva Las Pegasus
137	EveryLittleThingSheDoes	Every Little Thing She Does
138	PPOVPonyPointofView	P.P.O.V. (Pony Point of View)
139	WheretheAppleLies	Where the Apple Lies
140	TopBolt	Top Bolt
141	ToWhereandBackAgainPart1	To Where and Back Again - Part 1
142	ToWhereandBackAgainPart2	To Where and Back Again - Part 2
143	CelestialAdvice	Celestial Advice
144	AllBottledUp	All Bottled Up
145	AFlurryofEmotions	A Flurry of Emotions
146	RockSolidFriendship	Rock Solid Friendship
147	FluttershyLeansIn	Fluttershy Leans In
148	ForeverFilly	Forever Filly
149	ParentalGlideance	Parental Glideance
150	HardtoSayAnything	Hard to Say Anything
151	HonestApple	Honest Apple
152	ARoyalProblem	A Royal Problem
153	NotAskingforTrouble	Not Asking for Trouble
154	DiscordantHarmony	Discordant Harmony
155	ThePerfectPear	The Perfect Pear
156	FameandMisfortune	Fame and Misfortune
157	TripleThreat	Triple Threat
158	CampfireTales	Campfire Tales
159	ToChangeaChangeling	To Change a Changeling
160	DaringDone	Daring Done
161	ItIsnttheManeThingAboutYou	It Isn't the Mane Thing About You
162	AHealthofInformation	A Health of Information
163	MarksandRecreation	Marks and Recreation
164	OnceUponaZeppelin	Once Upon a Zeppelin
165	SecretsandPies	Secrets and Pies
166	UncommonBond	Uncommon Bond
167	ShadowPlayPart1	Shadow Play - Part 1
168	ShadowPlayPart2	Shadow Play - Part 2
169	SchoolDazePart1	School Daze - Part 1
170	SchoolDazePart2	School Daze - Part 2
171	TheMaudCouple	The Maud Couple
172	FakeItTilYouMakeIt	Fake It 'Til You Make It
173	GranniesGoneWild	Grannies Gone Wild
174	SurfandorTurf	Surf and or Turf
175	HorsePlay	Horse Play
176	TheParentMap	The Parent Map
177	NonCompeteClause	Non-Compete Clause
178	TheBreakUpBreakDown	The Break Up Break Down
179	MoltDown	Molt Down
180	MarksforEffort	Marks for Effort
181	TheMean6	The Mean 6
182	AMatterofPrincipals	A Matter of Principals
183	TheHearthsWarmingClub	The Hearth's Warming Club
184	FriendshipUniversity	Friendship University
185	TheEndinFriend	The End in Friend
186	YakitySax	Yakity-Sax
187	RoadtoFriendship	Road to Friendship
188	TheWashouts	The Washouts
189	ARockhoofandaHardPlace	A Rockhoof and a Hard Place
190	WhatLiesBeneath	What Lies Beneath
191	SoundsofSilence	Sounds of Silence
192	FatherKnowsBeast	Father Knows Beast
193	SchoolRazePart1	School Raze - Part 1
194	SchoolRazePart2	School Raze - Part 2
195	TheBeginningoftheEndPart1	The Beginning of the End - Part 1
196	TheBeginningoftheEndPart2	The Beginning of the End - Part 2
197	Uprooted	Uprooted
198	SparklesSeven	Sparkle's Seven
199	ThePointofNoReturn	The Point of No Return
200	CommonGround	Common Ground
201	ShesAllYak	She's All Yak
202	Frenemies	Frenemies
203	SweetandSmoky	Sweet and Smoky
204	GoingtoSeed	Going to Seed
205	StudentCounsel	Student Counsel
206	TheLastCrusade	The Last Crusade
207	BetweenDarkandDawn	Between Dark and Dawn
208	TheLastLaugh	The Last Laugh
209	246Greaaat	2, 4, 6, Greaaat
210	ATrivialPursuit	A Trivial Pursuit
211	TheSummerSunSetback	The Summer Sun Setback
212	SheTalkstoAngel	She Talks to Angel
213	DragonDropped	Dragon Dropped
214	AHorseShoeIn	A Horse Shoe-In
215	DaringDoubt	Daring Doubt
216	GrowingUpisHardtoDo	Growing Up is Hard to Do
217	TheBigMacQuestion	The Big Mac Question
218	TheEndingoftheEndPart1	The Ending of the End - Part 1
219	TheEndingoftheEndPart2	The Ending of the End - Part 2
220	TheLastProblem	The Last Problem
221	MyLittlePonyEquestriaGirls	My Little Pony Equestria Girls
222	MyLittlePonyEquestriaGirlsRainbowRocksAnimatedshorts	Rainbow RocksAnimated shorts
223	MyLittlePonyEquestriaGirlsRainbowRocks	Rainbow Rocks
224	MyLittlePonyEquestriaGirlsFriendshipGamesAnimatedshorts	Friendship GamesAnimated shorts
225	MyLittlePonyEquestriaGirlsFriendshipGames	Friendship Games
226	MyLittlePonyEquestriaGirlsLegendofEverfree	Legend of Everfree
227	MyLittlePonyEquestriaGirlsDanceMagic	Dance Magic
228	MyLittlePonyEquestriaGirlsMovieMagic	Movie Magic
229	MyLittlePonyEquestriaGirlsMirrorMagic	Mirror Magic
230	MyLittlePonyEquestriaGirlsSummertimeShorts	Summertime Shorts
231	MyLittlePonyEquestriaGirlsBetterTogetherseason1	Better Together (season 1)
232	MyLittlePonyEquestriaGirlsBetterTogetherseason2	Better Together (season 2)
233	MyLittlePonyEquestriaGirlsChooseYourOwnEndingseason1	Choose Your Own Ending (season 1)
234	MyLittlePonyEquestriaGirlsChooseYourOwnEndingseason1	Choose Your Own Ending (season 1)
235	MyLittlePonyEquestriaGirlsForgottenFriendship	Forgotten Friendship
236	MyLittlePonyEquestriaGirlsRollercoasterofFriendship	Rollercoaster of Friendship
237	MyLittlePonyEquestriaGirlsSpringBreakdown	Spring Breakdown
238	MyLittlePonyEquestriaGirlsSunsetsBackstagePass	Sunset's Backstage Pass
239	MyLittlePonyEquestriaGirlsHolidaysUnwrapped	Holidays Unwrapped
240	MyLittlePonyTheMovie	My Little Pony The Movie
241	MyLittlePonyBestGiftEver	My Little Pony Best Gift Ever
242	MyLittlePonyFriendshipisMagicAnimatedshorts	My Little Pony Friendship is MagicAnimated shorts
243	MyLittlePonyRainbowRoadtrip	My Little Pony Rainbow Roadtrip
